round,student_won,student_hp,opponent_hp,elapsed_frames,difficulty_level
0,True,235,78,3600,0.3
1,True,292,0,2585,0.3
2,True,230,64,3600,0.3
3,True,152,2,3600,0.3
4,True,174,0,2452,0.3
5,True,247,0,2751,0.35
6,True,280,37,3600,0.39999999999999997
7,True,127,0,2933,0.44999999999999996
8,True,145,7,3600,0.49999999999999994
9,True,127,0,2499,0.5499999999999999
10,True,229,0,3361,0.6
11,True,7,0,3010,0.65
12,True,52,0,2693,0.7000000000000001
13,True,184,38,3600,0.7500000000000001
14,True,152,150,3600,0.8000000000000002
15,True,13,0,2958,0.8500000000000002
16,True,107,34,3600,0.9000000000000002
17,False,47,50,3600,0.9500000000000003
18,True,52,0,3538,1.0
19,True,17,0,3393,1.0
20,False,0,45,3202,1.0
21,True,52,4,3600,1.0
22,False,24,95,3600,1.0
23,False,0,100,2736,1.0
24,True,152,0,3052,1.0
25,False,0,109,2636,1.0
26,True,109,106,3600,1.0
27,False,66,73,3600,1.0
28,True,101,41,3600,1.0
29,False,0,34,3155,1.0
30,True,122,68,3600,1.0
31,False,0,161,3284,1.0
32,True,39,32,3600,1.0
33,True,163,0,2627,1.0
34,True,52,4,3600,1.0
35,True,100,6,3600,1.0
36,True,87,0,3150,1.0
37,True,47,0,2666,1.0
38,True,140,0,2943,1.0
39,True,39,0,3197,1.0
40,True,4,0,3554,1.0
41,True,56,49,3600,1.0
42,False,0,80,3260,1.0
43,True,44,0,3064,1.0
44,True,48,9,3600,1.0
45,True,40,0,2936,1.0
46,True,57,39,3600,1.0
47,False,0,112,3134,1.0
48,False,0,7,3223,1.0
49,False,0,180,3353,1.0
50,True,106,0,3142,1.0
51,False,0,70,3503,1.0
52,True,135,0,2847,1.0
53,False,0,116,3593,1.0
54,True,150,81,3600,1.0
55,False,0,25,3254,1.0
56,True,132,0,2619,1.0
57,True,121,0,3324,1.0
58,False,2,94,3600,1.0
59,True,56,0,3533,1.0
60,False,0,150,3107,1.0
61,True,76,7,3600,1.0
62,True,37,0,2742,1.0
63,False,0,52,3391,1.0
64,True,177,82,3600,1.0
65,False,102,196,3600,1.0
66,False,0,164,3153,1.0
67,False,0,71,2868,1.0
68,False,52,59,3600,1.0
69,False,0,85,2437,1.0
70,True,62,0,2521,1.0
71,False,0,147,2882,1.0
72,False,44,72,3600,1.0
73,False,0,159,3121,1.0
74,True,67,0,3587,1.0
75,True,4,0,3216,1.0
76,False,0,29,2730,1.0
77,True,91,12,3600,1.0
78,False,0,17,2818,1.0
79,False,0,69,3239,1.0
80,False,132,237,3600,1.0
81,False,25,100,3600,1.0
82,True,23,0,3213,1.0
83,False,57,84,3600,1.0
84,False,0,7,3161,1.0
85,False,0,79,3500,0.95
86,False,0,157,2220,0.8999999999999999
87,False,0,37,3183,0.8499999999999999
88,True,122,0,3088,0.7999999999999998
89,False,0,137,3094,0.7999999999999998
90,False,0,99,3181,0.7999999999999998
91,True,55,35,3600,0.7499999999999998
92,True,32,15,3600,0.7499999999999998
93,True,9,0,3060,0.7499999999999998
94,True,135,94,3600,0.7499999999999998
95,True,27,0,2951,0.7499999999999998
96,True,223,0,2071,0.7499999999999998
97,True,131,0,2945,0.7499999999999998
98,True,162,60,3600,0.7499999999999998
99,False,0,155,3492,0.7499999999999998
100,True,60,0,2926,0.7499999999999998
101,True,107,0,2381,0.7499999999999998
102,True,209,0,2684,0.7499999999999998
103,False,4,56,3600,0.7499999999999998
104,True,54,0,2101,0.7499999999999998
105,False,0,195,3163,0.7499999999999998
106,False,0,75,3017,0.7499999999999998
107,False,0,60,3233,0.7499999999999998
108,True,202,0,2339,0.7499999999999998
109,True,127,0,2377,0.7499999999999998
110,False,0,5,3342,0.7499999999999998
111,True,240,0,3255,0.7499999999999998
112,False,0,7,2222,0.7499999999999998
113,False,0,57,2104,0.7499999999999998
114,True,100,0,2436,0.7499999999999998
115,False,0,187,3099,0.7499999999999998
116,True,97,0,3311,0.7499999999999998
117,False,0,2,2915,0.7499999999999998
118,False,32,32,3600,0.7499999999999998
119,True,159,0,2713,0.7499999999999998
120,True,30,0,3140,0.7499999999999998
121,True,79,0,2741,0.7499999999999998
122,False,0,109,2917,0.7499999999999998
123,True,9,0,3235,0.7499999999999998
124,False,1,37,3600,0.7499999999999998
125,True,165,47,3600,0.7499999999999998
126,True,69,0,2983,0.7499999999999998
127,True,5,0,3339,0.7499999999999998
128,True,28,25,3600,0.7499999999999998
129,True,98,0,3399,0.7499999999999998
130,True,17,0,3275,0.7499999999999998
131,True,92,0,2973,0.7499999999999998
132,False,67,124,3600,0.7499999999999998
133,False,0,20,2661,0.7499999999999998
134,True,105,0,2929,0.7499999999999998
135,True,100,0,2902,0.7499999999999998
136,True,235,0,3282,0.7499999999999998
137,False,0,34,3005,0.7499999999999998
138,False,0,0,3579,0.7499999999999998
139,True,85,0,3570,0.7499999999999998
140,True,40,0,3068,0.7499999999999998
141,True,155,0,2758,0.7499999999999998
142,True,162,0,3546,0.7499999999999998
143,False,0,69,3303,0.7999999999999998
144,True,7,0,3449,0.7999999999999998
145,True,44,0,3417,0.8499999999999999
146,True,142,0,2531,0.8999999999999999
147,False,5,89,3600,0.95
148,True,25,0,2834,0.95
149,False,43,67,3600,0.95
150,False,55,66,3600,0.95
151,True,61,0,3211,0.95
152,False,46,123,3600,0.95
153,False,0,43,2743,0.95
154,True,96,0,2464,0.95
155,False,0,156,2592,0.95
156,True,124,0,3335,0.95
157,False,0,84,3387,0.95
158,False,0,1,3205,0.95
159,True,90,0,2988,0.95
160,True,31,0,3182,0.95
161,True,19,18,3600,0.95
162,False,0,139,2725,0.95
163,True,51,46,3600,0.95
164,False,0,123,2646,0.95
165,True,118,0,2713,0.95
166,True,124,8,3600,0.95
167,False,0,57,3061,0.95
168,True,57,0,2673,0.95
169,True,44,0,2948,0.95
170,False,0,32,3598,0.95
171,True,161,3,3600,0.95
172,False,0,158,3476,0.95
173,True,80,0,2737,0.95
174,False,4,109,3600,0.95
175,True,121,0,2477,0.95
176,False,54,252,3600,0.95
177,True,147,0,3116,0.95
178,False,0,140,2371,0.95
179,False,0,195,3158,0.95
180,True,42,15,3600,0.95
181,False,0,165,3262,0.95
182,False,0,27,3303,0.95
183,False,0,95,3168,0.95
184,True,144,0,3241,0.95
185,True,22,4,3600,0.95
186,False,0,105,3453,0.95
187,False,40,97,3600,0.95
188,False,106,107,3600,0.95
189,False,39,88,3600,0.95
190,False,90,143,3600,0.95
191,False,0,135,2629,0.95
192,False,0,80,2505,0.95
193,True,177,0,3465,0.95
194,False,0,135,3401,0.95
195,True,62,0,3449,0.95
196,False,0,102,3279,0.95
197,False,0,48,2818,0.95
198,True,138,0,2783,0.8999999999999999
199,True,95,32,3600,0.8999999999999999
200,False,0,110,2783,0.8999999999999999
201,True,227,0,2642,0.8999999999999999
202,True,131,0,2421,0.8999999999999999
203,True,96,0,2615,0.8999999999999999
204,True,67,56,3600,0.8999999999999999
205,True,37,0,3214,0.8999999999999999
206,True,23,0,3231,0.8999999999999999
207,True,25,0,2614,0.8999999999999999
208,False,0,64,3437,0.8999999999999999
209,False,0,62,3313,0.8999999999999999
210,True,10,0,2903,0.8999999999999999
211,True,9,0,2815,0.8999999999999999
212,False,66,99,3600,0.8999999999999999
213,False,77,144,3600,0.8999999999999999
214,True,69,0,3504,0.8999999999999999
215,False,0,54,3044,0.8999999999999999
216,True,143,0,2921,0.8999999999999999
217,False,37,77,3600,0.8999999999999999
218,False,0,45,2773,0.8999999999999999
219,False,0,143,2735,0.8999999999999999
220,True,97,0,3202,0.8999999999999999
221,True,102,0,3332,0.8999999999999999
222,True,57,0,2417,0.8999999999999999
223,False,0,97,3065,0.8999999999999999
224,False,0,77,3570,0.8999999999999999
225,True,8,0,3272,0.8999999999999999
226,False,0,5,2840,0.8999999999999999
227,False,0,107,2022,0.8999999999999999
228,True,8,0,3085,0.8999999999999999
229,True,48,0,3002,0.8999999999999999
230,True,10,0,2479,0.8999999999999999
231,False,0,85,1919,0.8999999999999999
232,False,60,97,3600,0.8999999999999999
233,True,4,0,3320,0.8999999999999999
234,False,0,107,3377,0.8999999999999999
235,True,34,12,3600,0.8999999999999999
236,False,8,47,3600,0.8999999999999999
237,False,0,78,3211,0.8999999999999999
238,False,0,40,3220,0.8999999999999999
239,False,0,54,3117,0.8999999999999999
240,False,0,97,3332,0.8999999999999999
241,False,0,129,2818,0.8999999999999999
242,True,109,0,3345,0.8999999999999999
243,False,0,46,3594,0.8999999999999999
244,True,157,0,2709,0.8999999999999999
245,True,137,0,2399,0.8999999999999999
246,False,9,92,3600,0.8999999999999999
247,False,0,114,2759,0.8999999999999999
248,True,62,54,3600,0.8999999999999999
249,False,0,111,3363,0.8999999999999999
250,True,40,0,3033,0.8999999999999999
251,False,0,19,3310,0.8999999999999999
252,True,79,0,2654,0.8999999999999999
253,True,49,0,3472,0.8999999999999999
254,False,0,169,2454,0.8999999999999999
255,True,11,0,3473,0.8999999999999999
256,False,0,139,3049,0.8999999999999999
257,True,68,0,2979,0.8999999999999999
258,True,39,0,3497,0.8999999999999999
259,False,0,60,2477,0.8999999999999999
260,True,26,0,3434,0.8999999999999999
261,False,9,47,3600,0.8999999999999999
262,True,102,0,3316,0.8999999999999999
263,False,0,60,2156,0.8999999999999999
264,False,0,114,3565,0.8999999999999999
265,True,83,62,3600,0.8999999999999999
266,True,174,0,3473,0.8999999999999999
267,True,119,5,3600,0.8999999999999999
268,False,30,100,3600,0.8999999999999999
269,True,5,0,3073,0.8999999999999999
270,False,64,79,3600,0.8999999999999999
271,True,73,0,3547,0.8999999999999999
272,False,49,61,3600,0.8999999999999999
273,False,0,19,2459,0.8999999999999999
274,False,0,2,3536,0.8999999999999999
275,True,185,47,3600,0.8999999999999999
276,False,41,83,3600,0.8999999999999999
277,True,67,0,3239,0.8999999999999999
278,False,75,92,3600,0.8999999999999999
279,False,27,67,3600,0.8999999999999999
280,True,97,10,3600,0.8999999999999999
281,False,0,89,3259,0.8999999999999999
282,False,75,92,3600,0.8999999999999999
283,True,123,100,3600,0.8999999999999999
284,True,82,45,3600,0.8999999999999999
285,True,189,0,3253,0.8999999999999999
286,True,70,32,3600,0.8999999999999999
287,False,0,22,3242,0.8999999999999999
288,False,0,14,3448,0.8999999999999999
289,False,0,74,3474,0.8999999999999999
290,False,0,17,3567,0.8999999999999999
291,True,17,0,2897,0.8999999999999999
292,False,0,67,2325,0.8999999999999999
293,True,95,0,2910,0.8999999999999999
294,False,0,15,3490,0.8999999999999999
295,True,7,0,3280,0.8999999999999999
296,True,65,0,2875,0.8999999999999999
297,True,112,3,3600,0.8999999999999999
298,True,40,0,2968,0.8999999999999999
299,False,0,145,2373,0.8999999999999999
300,True,29,17,3600,0.8999999999999999
301,True,177,4,3600,0.8999999999999999
302,False,0,47,3459,0.8999999999999999
303,False,55,136,3600,0.8999999999999999
304,True,34,0,2963,0.8999999999999999
305,True,29,6,3600,0.8999999999999999
306,False,31,129,3600,0.8999999999999999
307,False,0,124,3404,0.8999999999999999
308,True,119,49,3600,0.8999999999999999
309,False,0,177,3288,0.8999999999999999
310,False,44,56,3600,0.8999999999999999
311,False,0,99,3411,0.8999999999999999
312,False,1,35,3600,0.8999999999999999
313,False,0,129,2391,0.8999999999999999
314,False,0,17,2867,0.8999999999999999
315,True,124,36,3600,0.8999999999999999
316,True,67,17,3600,0.8999999999999999
317,False,0,87,2847,0.8999999999999999
318,True,6,0,3317,0.8999999999999999
319,True,97,0,3126,0.8999999999999999
320,True,18,0,3448,0.8999999999999999
321,False,81,96,3600,0.8999999999999999
322,True,61,59,3600,0.8999999999999999
323,False,0,75,2719,0.8999999999999999
324,False,1,31,3600,0.8999999999999999
325,False,0,147,3275,0.8999999999999999
326,False,54,111,3600,0.8999999999999999
327,True,107,25,3600,0.8999999999999999
